National ID,Account number,Name,Phone
8040613721,8477253215,Peter Austin,+1-380-321-2033x1084
2637018954,4135817102,Ashley Cabrera,207-586-0292x91770
9920173850,7962520882,Julie Morton,+1-903-238-5059x90167
1188551424,7826305250,Frank Lopez,001-528-394-1793
7352616782,2472563609,Jason Strong,665.410.3684
6499516558,7964739182,James Nichols,862-557-5469x61840
6527408017,6455356828,Nicole Barber,703.990.3451x95993
1149152386,8830965077,Carolyn Yates,4126797510
2071171626,3603737867,Devon Hardin,(530)809-4565x4347
8298829902,5059872060,John Cline,(741)763-8131x4531
5527713852,5148775123,Melody Brown,001-756-514-8532x73687
1288803440,7902166592,Brian Berry,768.963.0132
8916964011,8910060675,Kristen Hanna,636.403.5309
8115496530,6637992409,Walter Barton,959-298-4384x634
7663862135,9236940314,Benjamin Cardenas,(540)417-3519
7471614535,7399414236,Karen Klein,391.969.0747x4211
7518694412,2866822676,Melissa Hall,+1-690-302-5316
7276279994,9653921316,Anthony Hart,001-837-236-0498
1854950957,2260995739,Danielle Ruiz,535.579.3942x9063
8603135859,5770859768,Daniel Gutierrez,001-277-928-1754x209
7527682349,7503441464,James Patterson,6868524718
3403088305,8351370967,April Madden,(224)347-7471
3139312265,6905778168,Michele Cook,876-660-5462x3854
5038514426,9393993663,Erika Bryant,001-285-711-4633
8564237391,9353789391,Christopher Andersen,7463273784
9285495266,2124737957,Jason Pennington,206.702.7412x9890
8614783562,1643010843,Chris Myers,(916)390-1974x046
8581362662,7626334413,Kevin Gordon,867.241.6138x7283
5195384693,5625992122,Samuel Choi,+1-921-286-6045x9375
2688837645,8978402177,Troy Flores,668-794-5663x613
5552891754,5818957958,Thomas Bennett,536.267.9402x2932
5648929915,9194080426,Isaac Evans,+1-728-764-8277x71045
2924833580,3610792915,Cameron Gibson,001-276-843-0083x56710
4681604886,5903756808,Taylor Smith,887.482.8619
5256865108,7963075812,Steven Anderson,709-656-7244
2045568695,8558403362,Amanda Johnson,3485012174
7340686663,2863226324,Andrew Martin,397-460-1261x342
8179504364,1848425168,Joyce Sanders,(671)443-6430x498
1516566837,8684807297,Erica Mitchell,(396)724-3367x33610
7249037583,6532930092,Christopher Wells,(394)291-5167x0080
5287914002,2156013094,Garrett Rhodes,+1-536-536-0661x285
3742784244,6113821798,Kelsey Jackson,(326)769-7367
1306364336,2762249361,David Anderson,(211)209-8387
8917289134,1005411256,James Pham,+1-329-497-3983
3582767902,8339876819,Laura Delgado,001-435-224-9585x928
7416700801,6617710872,Thomas Valdez,6055163289
3997897448,6144892694,Ivan Roberts,888.821.0886x314
7728344356,5785202257,Mrs. Paula Mendoza,354-301-5967
3725760909,6736936124,Michael Cruz,350-309-8531
2319781248,4557204152,Russell Jacobson,+1-678-447-9799x02836
2866100293,6269473872,Joshua Wilson,001-935-347-8591
4685977244,8416581347,Erica Johnson,4809113791
7364044227,1535646647,Robert Mclaughlin,001-492-293-2250x74381
3558302748,8959294119,Eric Russell,441-939-9302x40774
6038500530,4642480059,Karen Day,7495877717
1003914955,1832328118,Christopher Hawkins,001-561-879-5585
7056124988,7979110351,Gregory Horton,(396)679-5574x571
6237922400,1745717349,Kenneth Carter,941.319.7552x7602
3824208021,4957140498,Richard Hayden,(473)678-9992x6188
7209818340,2296532298,Austin Woodard,271-203-9848
6605035339,9883814905,Theodore Gould,001-496-445-2362
7285506489,4919200659,Jason Franco,697-399-6744
9673456408,6740315328,Kevin Davis,2705431671
9598706558,6514784412,Kimberly Stuart,+1-803-362-4968x7329
1565475831,3556268874,Michelle Clark,001-762-491-3582
9121937878,9988625644,Ann Garcia,852-993-3677
8728797380,7585448135,Natalie Tate,(792)733-2249
2491555911,3021084124,Alexandra Caldwell,629.716.4293x303
3901898550,1700393778,Courtney Schmidt,2347571886
2360406621,2967577726,Ashley Miller,+1-274-789-6791
6303192320,2350918178,Steven West,519-875-1185x33794
3267601103,8153489022,Frank Griffin,683.824.0990x6710
1682432713,2562227958,Catherine Snyder,(421)494-5998x93548
5040601279,7591162617,Michael Newman,+1-371-806-8060
6054085071,1034876296,Samantha Vega,(828)797-9408x222
8184584998,6317013507,Daniel Bell,632-868-0338
3609239935,4472709558,Michael Sawyer,3812390757
5080696227,2078577233,Vicki Smith,595.855.8552
9954763119,4299338120,Sean Richardson,3873653383
4453815867,2388070511,Paul Middleton,(307)775-2354x013
2094538613,5984051241,Michael Ford,(578)931-1516
9376540432,4706693869,Michael Hamilton,001-579-706-0259
2735954407,3856018819,Stephen Abbott,473.428.3300x734
2433215083,1934412867,Rebecca Gregory,+1-717-552-7236x33482
4734636676,7851714800,Sandra Wilson,813-463-2240x925
6157268028,9803290964,Charles Warren,+1-252-700-3059x00389
3186732173,8174763968,Jeffrey Warren,001-533-385-1648x01270
3879049185,4317921419,Spencer Ramirez,536.270.6410
5987377440,7211166221,Teresa Walton,825.530.9317x939
7769629168,4340461350,Johnny Moody,(414)609-3137
6582613416,9845592949,Mason Juarez,+1-656-808-5608
2068704550,9820043047,Elizabeth Parker,+1-667-220-6672x122
1109689834,5127448734,Phillip Lee,(546)569-1439x0546
8973740227,3203960100,Elizabeth Garza,4317563773
4686545443,1539511283,Jack Fletcher,(265)657-9219
8385725529,6036917769,Jesse Alvarez,952.911.8869
6576625443,3379722702,Angela Lawson,650.437.6241
2514976479,3726081296,Juan Larson,(619)351-9490
6483565363,6288640500,Jonathan Christensen,001-752-618-5288x7211
8849831953,2838025041,Ashley Pierce,879-271-5817
3461360433,6823713452,Allison Campbell,507.336.1083x2267
5664696505,1060007599,Ryan King,(760)821-6042x9916
2222957499,6501362777,Deborah Kaufman,+1-554-249-6915x4500
4365280108,2874684525,Rachel James,001-655-303-7395x764
4400637086,8439238735,Kim Nixon,(603)695-4999x106
3806130222,9748903187,Nicholas Wilkerson,945-411-8943x251
9873926547,5271363496,Jill Mclaughlin,(381)698-5758x1861
9098853449,1266490569,Tony Weber,525.547.2984
7899573967,6962426680,John Hudson,001-939-770-7287x9084
3110326524,4983675881,Michelle Hernandez,001-818-456-1162x594
5482212763,9122372829,Samuel Singleton,(399)220-3949x7491
1348763286,5135956478,Robert Copeland PhD,411.320.9623x9719
2193430670,4991725815,Jasmine Johnson,817-387-5405x6503
7065176053,5081635086,James Gonzalez,377-279-6599x29616
3809825800,1276478146,Matthew Thompson,001-786-786-8934x2401
3524352784,3645997687,Carol Johnston,793-766-6433x01220
7153778673,6961180099,Angel Warren,2273597227
5787408020,5228566657,Erik Johnson,425.993.0437x247
9937502081,3001120024,Diana Melton,+1-346-275-3857x62466
8923052125,2973847090,James Thomas,+1-954-665-0377x7770
5673995103,2509823781,Nicholas Moore,238-851-7634
5073715032,6871840481,Wesley Cantrell,(541)343-0712
9097124846,8938240533,Natalie Fowler,765.830.7165x96727
8601133599,2946877063,Jeffrey Herrera,712-299-1460x2451
6119849981,9765394309,Scott Delgado,001-947-539-5603x781
9092870806,2930944754,Matthew Smith,001-452-987-0071x736
2088155002,8410455800,Anne Rice,8743293606
7698926220,1775449908,Jordan Richard,(749)478-6954
4958763907,4527708217,Todd Taylor,628.591.3776x71091
9396397258,3497370838,David Lopez,669-263-3468x637
4997254045,1529413113,Tony Lawson,5909690386
2779897692,8177601972,William Walter,+1-650-783-4828x559
9196820395,1015266383,Johnathan Barrett,+1-592-209-2287x805
1025701688,8076904406,Jennifer Morris,409-669-5188
5450142879,6102867390,Kenneth Miles,824-264-8748
7621163483,2566314497,Cynthia Allison,804.813.2489x60332
9225023194,8058151070,Steven Welch,(233)345-0848x7364
1832921743,4494641039,Christopher Tyler,703-589-8458x7574
1744344797,6419573684,Lisa Torres,394.748.8789x04674
5222221646,3960156024,Norma Franco,(884)638-1877
4029649907,5444065652,Kenneth Briggs,(210)757-4474x370
4374354864,6440901445,Laura Roberts,912-884-4520x8208
5953930938,8177393659,Michael Lester,001-485-674-1100
6716071971,8791817870,Lori Lopez,275.957.8937
9726712113,8814455686,Cheryl Dixon,227.686.5016x12237
5961734188,8431956513,Rachel Mason,566-805-7688x0056
6817731651,9571448872,Lawrence Bowman,465-842-9143x9191
6388233415,1192365848,Gregory Garcia,667-534-5667x0550
2391634217,7320402326,Bonnie Jones MD,+1-956-708-4176x4293
2842793269,9618753937,Adam Sharp,001-687-595-5096
8312496218,1540974995,Barbara Warren,785-330-9313x22337
8929379442,7061612546,Ashley Walker,+1-979-960-8361
1403591817,2745553325,Kim Stevens MD,657-263-9551x8781
9297971449,8321354602,Barbara Cox,001-978-489-5691x877
7132437557,5612577857,Jessica White,(289)954-6113x476
3995597822,6209355097,Rebecca Gomez,(509)492-1689
1519112566,4636978472,Robert Rowe,(867)377-3365x11220
2710843902,4237934063,Nathan Rodriguez,001-576-855-6602
5250447872,6962263997,John Carrillo,520.759.1677x518
5078801144,7138299962,Ruben Johnson,001-984-575-4722
3260711312,6584118842,Bruce Moss,(878)974-2279x4694
1052320856,4703715545,Wendy Harper,4618228669
4229893096,9876388251,Mary Jones,210.336.1007
1792111613,3314583929,Erika Braun,001-445-643-0705x20184
4587189891,2733095029,Lori Hall,+1-657-888-4967
3853543467,9824805594,Linda Tate,2496290569
5676093897,9166653463,Kimberly Berry,9353979781
6234483998,4985392434,Sarah Leonard,(241)447-7180x046
2860454557,4208358260,Katherine Mendoza,363-709-8249x02784
8453324090,4017958683,Christine Burke,533.255.5116
7742744016,7401246821,Elizabeth Campbell,(389)740-9561x4644
4096866534,3935656778,Haley Cox,5422494585
9167162518,8170314384,Jill Johnson,8027928441
7737908145,4388293188,Susan Perry,+1-873-574-7295x862
4867211311,3155454006,Brian Bullock,654.906.9765
3445424377,8671466983,Raymond Davis,(503)371-8015x350
4209028251,9495700649,Derrick King,876-511-8707x142
4068266229,3430363207,Dustin Knight,001-719-471-6659x36734
3919362843,1267115694,Annette Pollard,(548)804-1964x3826
5186014119,4630867625,Chelsea Johnson,(668)475-3470x83030
8725097173,7332357291,Kenneth Finley,(543)640-2298
6074463059,4935803225,Joy Young,(538)640-0309x3927
8585766902,4520868729,Gary Grimes,001-979-309-5081x758
3630252780,4242539088,Shane Lynch,(643)652-6875x4278
1404351792,2004154070,Matthew Sanchez,576-991-9970
7248229084,4719420717,Teresa Ward,868-765-3278
3309716219,2417958896,Tanya Long,+1-747-480-4987
9430777831,4987607669,Raymond Pena,263.282.2127x522
2835618037,7551980339,Margaret Sanchez,6826647011
5771104280,8686617884,Brian Brandt,001-230-490-6515x9623
2795062676,2425215800,Edward Fowler,(570)341-3352x7027
4673506306,6270919589,Christy Woods,+1-544-638-0464x0821
4502899575,9052233536,Gina Kelly,+1-687-207-3142x599
1601479031,4259407183,Timothy Lawrence,755-905-4648
2816213564,1996119926,Randy Roberson,(346)665-7648
6853726576,5727634766,Dale Lopez,001-476-354-0774
6813982014,5127933986,Charles Johnson,(234)436-0091x870
7492987063,3335536140,Theresa Conway,942.669.2388
9437230047,7241057283,Pamela Foster,803.657.9205x53087
9139227869,2885622636,David Johnson,+1-984-402-6852x87834
1290257798,6475642821,John Larson,001-587-578-2330
8845667536,1566218785,Nancy Avila,(529)728-8665x553
8047564839,7435562566,Tiffany White,001-600-905-9450x566
4196857062,1752333577,Erin Cole,001-300-909-8797
6532988207,8431074806,Todd Brock,653.873.7826x306
1182534988,3638044688,Kimberly Jackson,749.944.9247
5668210791,7493634876,Abigail Bowen,+1-732-622-7940x8949
9581384291,4062614159,Monique Delgado,758.369.1701x9720
7775999900,2028857037,Monica Moody,001-432-598-1744x83032
5531201241,9466942788,Rebecca Simmons,397.360.8281x748
1563466819,1870253744,Brett Hall,308.671.6000x1339
6206113497,7728197484,Tami Garrett,(925)243-2230
7385085663,7023634126,Amber Green,(697)926-0067
8757907836,8480969504,Colleen Washington,799-629-0991
4349639866,9806827181,Bryan Brewer,6484150487
4144877442,3836244028,Kristin Brown,950-225-5442
9749504226,5569831759,Chad Lewis,001-770-755-3233x885
6045655048,2331799428,Jason Mora,564-537-5545x9236
5256643402,1306648539,Scott Adams,(849)419-8679x5799
4336011121,5417798508,Hannah Castro,542-714-4118x7304
2834798838,8710763302,Kristin Welch,261-498-8173
4052500673,3493181758,Summer Potts,(598)280-6302x28467
9020411348,1719670946,Janet Walsh,+1-335-602-0334x054
6812752238,3193652784,Hannah Martinez,5113445527
5074729566,7547086591,Pamela Koch,4475506631
8548796299,6726460094,Peter King,(433)574-2370
3869227945,2054529839,Benjamin Farrell,5073532645
5630247944,8351862834,Aaron Blackburn,9963177262
7356088656,8287157074,Holly Roberson,+1-606-484-5844x333
9576462155,3420545129,James Knapp,+1-360-255-8679x45402
2541083987,2347901660,Carla Hall,+1-571-292-2417
3743130267,9378689708,John Mccoy,939.849.3409x79093
4138295467,1094884446,Wyatt Santana,001-388-637-1531x87842
6828921803,2641423375,Melissa Mccoy,838-289-5401
7227981443,2113012697,John Stevenson,934-260-0140x26817
7383881513,8578296257,Kim May,001-818-574-0187x185
6028882419,5338821704,Dr. Kelly Jones,205.621.4129
8027855845,2307446547,Scott Salazar,656.916.2687
7393636675,8957359332,Ruth Pierce,(575)305-0031
8542423122,2453300220,Susan Hayes,2024634396
5844555775,5470612194,Stacey Smith,2839886845
9377063965,4746539621,Luis Henderson,570.917.1591x023
8767154646,6679143405,Harold James,612.360.1367x142
5929092231,4467121495,Anthony Green,307-292-9689x125
4681745105,7375633689,Felicia Warner,379.349.2328x9341
9039975387,4314377481,Ethan Reed,+1-923-657-3405
1326504268,8125053454,Alan Hooper,+1-894-678-6482x21243
3022023802,7844535538,Craig Forbes,(737)513-2230
5375899391,9504465797,Danielle Myers,(758)802-4183x6963
7967736413,2127713488,Daniel Norton,001-621-449-2043x20502
4290498178,9042410434,Jonathon Jackson,(441)961-0037x5482
9020693102,4887816413,Trevor Lopez,(950)290-0964x874
8800886192,7637820221,John James,335-850-3386
8889858460,7158266763,Mr. Paul Ellis,911.305.1520
9486135466,4799181078,Colleen Moore,372-984-1527x9934
6552964940,9058879298,Adam Graves,+1-320-348-4761x507
7982204118,2625212043,Anthony Carter,+1-230-761-5919x167
3894604308,1390056545,Ricky Smith,+1-555-835-9251x89723
1464908297,3766927154,Diane Bishop,001-404-463-4468x00145
8011143339,4352980220,Nicole Jones,312-494-3756
7831240800,4858333032,Gabrielle Wagner DDS,+1-999-775-7607x097
6385347361,9848676021,Alejandro Deleon,+1-309-723-7804x7875
2910893456,9390958137,David Calderon,(336)515-5091x3487
7313159093,7540978736,Jody Tran,823.533.4609x65012
5891688591,8628285388,Scott Ramos,466.533.4932
1149748881,5263943068,Nicole Raymond,001-327-730-7636
4189296676,5268068298,Elizabeth Jones,+1-595-512-9298x20351
2704630422,5676482587,John Olson,814-668-8277
7143350064,3182430521,Kathryn Dawson,213.774.4890x00775
2995321338,8729357096,Stephanie Phillips,598-860-5092
5083428211,7273057652,Joshua Perez,+1-403-599-3987x3788
2733533912,1965674238,Jonathan Miller,+1-626-713-4948x195
7842495926,6680434026,Anna Meyer,7838787226
9310245053,6808921455,Nancy Franklin,(995)849-5698
4461216033,1484615913,Teresa Evans,7129897204
4910246864,3504050001,Shawn Hines,928-431-1033x5334
1684692887,9376639839,Melissa Cobb,001-305-297-3018
7767189055,6630151726,Antonio Sharp,+1-232-476-7350x8628
5230968041,4862741578,Andrea Hunter,(774)840-2545
4526175340,2783329287,Edward Hickman,919-392-2804
9091866757,2231581773,Jonathan Buchanan,(436)219-4788x70189
4077624921,1006137731,Roberta Caldwell,(676)936-2912
7011600802,3460339611,Mary Wilson,267-716-8020x0291
5377006939,7312915994,Patricia Zhang,001-208-587-0418x914
1723460092,8629903336,Kathleen Davis,(355)900-6882
3084105323,3184599373,Timothy Navarro,+1-686-274-6330x20827
3761817059,9819411559,Richard Durham,522.225.9342x4994
3681332447,8336200946,Joseph Sanchez,(774)323-5476x86245
2958663112,6867629969,Erik Smith,914.501.6055
6081365217,3392494970,Charles Walker,976-669-6349
8475474406,5305483346,Robert Gibson,212.219.6266
5179521001,6526887021,Kaitlyn Young,877-389-8874x2415
7718589347,2824997979,Ricky Tyler,001-230-853-0223
8108611666,5849738019,Richard Bradley,001-949-243-5280x1851
7217082101,1911347704,Laurie Rose,(526)375-1252x80281
3871134181,8883619812,Tracey Knapp,626.586.5537x80190
5391223313,8412987986,Susan Ferguson,526-670-6816x2316
2534632030,4470898472,Douglas Marsh,364-673-3338x26445
5685066356,1753727162,Carolyn Ramos,614.343.8035x344
7476877616,9202423332,Trevor Spencer,899.680.6265x9368
7538137944,3302571539,Alejandro Johnson,(861)506-6676
3155739918,1892239845,Frank Graham,(844)249-3212x043
6298200277,3927811070,Tanya Hamilton,+1-819-669-2791x0074
9749157945,4252857904,Robert Johnson,001-508-956-0863
7372308535,6354332149,Tracey Marshall,244.289.0626
1449153439,1352773658,Nicole Green,001-720-568-2757x884
2714044563,9843664745,Melissa Henry,001-894-350-9431x3808
6510421110,7301857861,Stacey Ray,+1-647-683-7067x3474
9719696778,5847595526,Austin Griffin,(497)611-4780x32971
6534820184,5858521480,Daniel Barnett MD,(433)791-8006
6855974546,3299622738,Jaime Watson,338.285.9838
5730480711,1651762103,Edward Fischer,+1-227-343-9326
8729352022,8934586577,Aaron Lindsey,(676)352-3387
6617180074,6651781010,Jonathon Garza,001-952-825-3990x681
5667936265,1739927652,Jessica Herrera,390.727.6084x699
2621703406,8698615367,Sonya Horne,(692)432-3027
2715620623,6657740039,Katie Grant,(438)941-0682
1641673079,7529236586,Jason Mccoy,(867)955-0675
7110140871,8772094407,Rachel Weber,858-538-5729x6844
4822574072,9020547486,Chad Gates,6994590234
8973881797,7042261327,Cynthia Bonilla,366.530.9215x8489
8561221061,9354487388,Mariah Koch,+1-981-231-6933x27246
3946913792,9237673760,Stephanie Andrews,(996)322-6942x259
7668622797,3412226970,Brian Logan,001-717-455-8874x08037
8579841500,6343294450,Ashley Smith,661-338-3762
2200995427,3431274124,Rachel Malone,720-551-6734
7968516379,3117819992,Peter Wolfe,001-394-215-5832x01112
5817153152,6828864794,Sara Garcia,001-429-652-4515x4749
6083811663,8919511517,Timothy Flores,5109546292
1015764353,7008122303,Brandon Clark,5526983272
2044375058,3991789823,Patricia Jenkins,+1-988-339-6554x362
2395356748,4720701611,Robert Dean,405.423.5347
9750622897,7610495509,Douglas Knapp,224-537-4606x7464
7005624248,4515327041,Richard Navarro,719-998-9280
5876891735,6394428889,Emily Smith,7454182235
1485781236,8918359315,Leah Mckinney,517-488-8844x051
5903333811,3857008222,Ross Mendoza,001-824-771-9866x14695
5674562683,2910511124,Jamie Ramos,284.297.8153x5331
3906981091,1908525357,James Jackson,+1-599-686-6151x748
9444656502,8209654820,Raymond Griffin,8876564851
9036452024,7619314581,Sarah Morris,001-462-349-9101x0379
8898673460,6970956175,Troy Smith,+1-844-372-2161x982
8732371937,9920102098,Bianca Freeman,421-440-7107x4499
4682853111,6105027778,Kristina Gonzalez,6018524604
7989037531,1793062865,Steven Sanchez,001-320-539-2563x23992
9481123376,3789003091,Ian Russell,+1-222-771-1354
9961815053,6241997080,Travis Santana,659.490.2580x89248
9590147929,2556582354,Angel Rodriguez,6676001063
9411473920,7672474607,Whitney Delgado,001-481-570-2500x31452
1288103150,4477829820,Diana Harmon,499-715-2209x898
8463647100,9990153630,Kristen Tyler,(609)571-1409x064
2164546937,9258831128,Jeremy Palmer,001-203-605-0900x717
2849687222,7456111493,Amanda Livingston,5042563078
8138089636,9966326813,Brett Campbell,(975)518-8967x530
1149192038,2587118113,Matthew English,(855)331-0194
4793996472,2014889407,Cody Chapman,973.570.7227
2821486807,3047462954,Christian Chambers,001-506-998-0866
7594425065,7695802920,Jessica Peterson,950-201-6391x4607
9961445354,7922400549,Jennifer James,231.377.2030
5031428683,1243974886,Rebecca Ramirez,001-804-230-9366
3741329924,7220958564,Jacob Jackson,758.563.0671x9312
6146213290,6545764457,Debra Larson,766-563-7775x63187
1406176945,1325710687,Darlene Herring,379.736.5513
7418178776,3032889910,Wanda Moore,7784533204
6443215989,2843040909,Ms. Judith Powell DDS,914-540-1443
3314987370,6684259751,Steven Smith,519-847-3677x509
7643283598,6969189607,Robert Little,8086274806
1763619302,1951279879,Anthony Wright MD,001-534-665-6481
2631482412,6468803480,Benjamin Mclean,001-915-831-7303x33418
2462416368,1412233916,Erik Gonzalez,+1-202-611-3143x6923
3618848906,5375268230,Keith Jones,869-629-3832x7586
2107533022,4810598983,Jennifer Munoz,(462)703-5389
7245085049,1945551323,Patrick Rivera,(854)829-8335x8229
3837402589,2236457427,Shaun Cisneros,001-486-948-7675
1089587280,8041319628,Stephen Floyd,001-832-256-6647x61590
4007966451,4451487179,Richard Trevino,935-976-1098x753
7781522957,8949007245,Gina Evans,435-910-8028x711
9041462895,9260334495,Pamela Kelly,001-385-452-1357x6649
6755551976,9186394903,Carol Hamilton,001-959-449-0438
6152214865,3655547523,Barbara Williams,001-240-680-6828
1451664435,8493885949,Edward Dyer,399-899-1973
9356782041,6445297622,Willie Maynard,001-515-753-0752x063
4317754762,5065948724,Michael Collins,001-782-394-2014x30640
9829962477,4549360243,Ian Rodriguez,6934795045
1560412033,5947421560,Mario Martinez,001-827-554-7767
3047924287,3573384777,James Edwards,872.979.2204x14534
7973175701,3841554959,Crystal Quinn,741-835-7175
1356590613,2762461177,Darryl Moore,562-621-7121x052
9457884674,5645644355,Steven Henderson,340.562.9901
1687520856,3424946741,Jamie Neal,(789)406-7522x97565
3618393918,9871688477,Michelle Johnson,229-249-8671x977
1597627374,2735580680,Ryan Day,001-771-288-7334x25528
5996108124,2360886627,Erika Richards,974-554-7454
5865804932,7963352627,Yvonne Adkins,660.592.3884x61579
6508800704,9413249373,Deborah Olson,874-829-9529
4574317297,6000055459,Julie Watkins,(632)613-9196
4040515935,6648771651,Joy Davis,626.887.5259
6404693258,9437380041,Joseph Brooks,(926)845-0613x7923
7981883078,3093356842,Jennifer Sanchez,304-439-0195
5022521764,3323056623,Adam Wright MD,+1-838-918-8760x8280
4463788066,9105237534,Holly Hernandez,(884)753-2291x260
8948975452,5545518113,Jack Spencer,7974132417
5337081601,7971399587,Brenda Williams,291-587-0967x91049
2682415163,9488990249,Michael Harrell,5644803764
8624217373,1101762695,Amber Wheeler,+1-797-520-1796x23818
9368064658,1447088231,Jared Hendricks,524.386.4167
5891916254,3093235117,Meagan Sullivan DVM,795.372.0805
8302925376,5716978028,Douglas Mitchell,3152118079
9353313692,7010223343,Yvonne Weber,001-468-699-6319
3705646118,7202219136,Tina Richards,001-467-297-7156
7133509085,4886141580,Nicole Paul,490-208-9614x3834
1026811417,4797415391,Eric Collins,995-316-6019
3724605498,2483597239,Kevin Arias,001-743-427-8286x08779
2376847743,2800010830,Tyler Cruz,(297)636-4142x529
7280338470,5683045483,Annette Powell,(654)504-1269
2468796841,8132124446,Ricardo York,+1-427-604-8096x29378
1258409063,7230707408,Lisa Howard,919-942-6797x777
9308448455,3169525112,Becky Nolan,001-411-410-1891x717
4420916281,9483969876,Jacob Vaughan,+1-455-319-0503
3961443399,4276317391,Donna Russell,(305)206-7186x3641
6156786063,1974193564,Christopher Thomas,912.537.5552x763
8445780105,3012446595,Erica Simmons,9754780148
1826428288,2061146962,Brandi Sosa,265.569.9240
1888800730,9747604636,Thomas Smith,+1-351-699-3121
1114672519,8689112767,Mrs. Bailey Andrews MD,992.305.6451
1702651533,7670744371,Lisa Mason,001-989-848-2381x202
8620467714,4304827221,Karen Martin,505-580-2728
4085470350,4662471759,Katherine Price,878-689-6009x4361
7765087581,6647706188,Shane Cameron,(290)408-5519x24217
2843663648,6699706036,Angela Patterson,273-454-5225x078
8681694425,4766030528,Kimberly Contreras,(490)539-5792
6462323422,4919904452,Brandon Brown,(469)368-9321x4290
8123816557,1248393897,Trevor Campbell,+1-598-668-3642x3331
1898981045,3185633154,Matthew Escobar,202-952-8905x74458
7044542538,7867534486,Jason Marks,427.702.7922
7352250305,7426356073,Philip Flowers,001-468-926-5368x51046
4688991225,8948825266,Tiffany Cuevas,977-975-0310x7396
4661440182,4323142427,Trevor Irwin,901-798-5865x7948
8159226240,7389135568,Phillip Perry,882-892-7516x80990
6564848301,1444065165,John Douglas,+1-577-906-8403x802
5202171640,6289465828,Aaron Nixon,803-614-0164x13975
3632427981,3713521533,Susan Parsons,+1-601-297-0978x971
9463564991,4336253741,Charles Sanders,994.682.4751x5350
6493435704,2153375823,Ryan Torres,475-481-6110x26528
6558829207,9760525670,Rebecca Porter,602-308-1742x555
2856812031,4943293628,Kristin Lawson,+1-786-572-8440x943
3759478626,9483883523,Justin Olson,001-857-224-5228x726
8986052234,5852516896,Richard Gonzalez,(381)682-4034x8117
6711462621,3005153267,Bryan Young,561-891-1917x98008
3501539733,1028058154,Erica Washington,+1-765-351-2070x1734
7744757388,6864803264,Tara Carroll,448-895-7055x9692
3619912471,4446172902,Lance Hahn,9567314452
1463883451,6282794607,Mrs. Victoria Velasquez,806-847-1644
1364603903,4473863923,Joshua Richards,272.395.3948x7329
4240698986,7810433210,Kristen Werner,694.424.4037
5074097924,1054984364,Bobby Foley,628.987.5265x915
5261637750,6773776809,Jessica Chaney,+1-235-691-4504x301
9168067701,3008588434,Michael Miller,943-694-6541
6279393344,6254144193,Timothy Martin,(486)950-5599x65610
7797821309,8086048180,David Copeland,+1-632-915-7100x826
5809152886,2379347776,Stephanie Anderson,9712541720
5829486715,3377273049,Kimberly Beck,9814460239
9772822679,7603241384,Kristie Santos,293.801.6115x74365
8049919504,6680504714,Karen Thompson,7442945736
1202586529,9048921364,Jacqueline Holmes,751-746-8139
3831466290,4476519252,Scott Herrera,247.822.7228
4178239634,7587819876,Christian Martinez,(251)644-8872
3515114407,5326696278,Jocelyn White,858.227.9051
4205372539,3307930580,Alexandra Miller,(242)688-8314
3906437841,7584280896,Matthew Ford,305-931-0772
4640270469,4861155852,Amber Williams,(360)320-5737x10747
1093966042,3291690905,Katrina Chavez,001-719-826-5870
8480706694,1546977962,Michael Jenkins,746.657.0359x4879
5456300733,2634768922,Denise Barnes,(751)393-5893
7076907437,3828554799,Travis Ross,001-245-501-2679x570
6907280554,2085666269,Roberta Williams MD,001-720-327-4957
1585711546,2368131789,Louis Cox,(315)647-6028
7255846056,2971324237,Elizabeth Ho,(356)323-6990
1586113905,4798461884,Alexander Hayes,631-442-5840
7899532033,6872320088,John Thomas,001-498-693-1493
8331586813,7767527107,Ricky Prince,+1-889-688-3270x58951
6238084315,4337789890,Ashley Perez,807.928.3413
9199268360,1024429885,Matthew Raymond PhD,001-377-742-4508x834
3278748628,9505179729,Jessica Sanchez,001-611-260-0072x6705
8319817817,6423403978,Jose Larson,+1-430-689-5179x0414
7141358450,4210100816,Joseph Weber,+1-938-775-7313x9220
3047988626,4905099649,Tanner Mccarty,737-314-4323x12524
2816158784,4119055993,Dominic Flores,001-567-353-4317x21807
5081753203,8855861397,Courtney Ramirez,001-352-492-4051x27374
5794565850,9864338362,Regina Saunders,(814)579-1474x52760
9061312078,5031347495,Linda Snow,289.683.8775x1679
4391089815,9452586757,Kathy Mccormick,+1-244-836-0620x9862
7675335456,2917682897,Melissa Allen,(510)895-5016x54212
4532271726,7901477394,Timothy Willis,+1-568-593-0520x732
7978136849,5811692433,Nicole White,(895)703-1903x658
9808104410,5857164155,Brandi Flores,591-926-7865
7638289522,6754910011,Danielle Bryant,001-345-545-9660x59489
9439937341,3713382305,Mrs. Heather Patterson,+1-745-968-8969
9010260121,2711238280,Selena Christensen,001-871-893-4799x454
9308883725,2008023186,Tyler Sosa,8994763090
1999927964,7486514712,Jordan Griffith,(903)693-3987x48348
1800457690,9559380573,Marc Lee,(668)485-3367x83317
2461994946,6859613537,Mark Sellers,+1-878-998-0026x7394
9498425593,8606685925,Barbara Martinez,668-630-3617x772
4483311157,9443972592,Troy Quinn,687.699.4143x54043
7789954064,2998500813,Anna Goodman,799-437-4024x59809
5443328178,5150281951,Johnny Atkins,4286853630
1112393322,9292713674,Kenneth Jenkins,(246)636-8339
8631677660,1929915518,Dr. Benjamin Williams,388-498-1778x056
4516568914,3609523971,Jamie Carter,+1-609-979-0440x710
5502000141,3442208180,Kim Adams,8153618589
5727159366,3250222829,Bradley Matthews,(694)912-1709
1985147757,6695210055,Matthew Wilson,689.297.5529
1127262837,3212081337,Amber Harrell,318-376-9737x459
7609600854,8917021060,Brianna Ray,+1-547-483-2860x3459
7757740304,6658654584,April Woodard,(527)628-0329x741
7245147511,6185214265,Joanna Reynolds,001-323-468-1960x6721
3527786525,5445548149,Jacqueline Thomas,(980)527-6500
9283097681,8830709666,Heather Peters,+1-832-394-0595
9232995826,5366865779,Steven Johnson,(562)981-0490
6413484890,2879938614,Daniel Turner Jr.,(849)621-4688x54085
9593238741,5754790598,Michael Cross,(352)470-6142
2126215528,7188629189,Angela Vargas,570-406-9315x4498
8562488258,6984879798,Ryan Webb,751.781.8167
4260289397,3307995373,Jeremy Nichols,889-631-2298x25788
9081195617,1790005954,Randy Adams,+1-895-545-2420x0551
9355513926,5324074561,Tara Holmes,982-267-0510x386
1195671241,5053234201,Brittany Castro,324-832-7646x441
7283392266,4924903961,Robert Clark,(593)442-8331x9330
9911503066,8851198184,Emily Ellis,(394)212-4146x7902
1337174705,4842411946,Derek Gay,+1-792-314-9548x1399
6302581338,7663657501,Bryan Miller,(291)722-4315
2151055871,6813696487,Rebecca Davidson,942-982-5178x5324
5407381504,9830122779,Tracy Wallace,001-480-752-9880x40466
1016904401,7315671169,Joseph Adkins,001-568-795-2498x54067
8408071026,3888409361,Brenda Foster,340.580.8503
8093782530,9375608671,Brian Moody,907-790-1423x6386
7588529540,8617047395,Casey Mitchell,416-280-4095
2218162864,6326434305,Jasmine James,(657)657-2128
6303405794,1605623067,Nicholas West,+1-396-689-6162x91200
7277417764,1114536148,Gary Butler,(905)762-5532x569
7326693008,9603926484,Jason Williams,001-975-637-3510
2306409003,6844731211,Terrance Collins,832.530.4458x59806
1625083358,2249891691,Katherine Obrien,(803)227-1956x16101
3851604432,4737502112,Ashley Park,(837)324-8824x394
9913302644,4509262374,John Kramer,4146464113
1553965144,3049521110,Jennifer Macdonald,(817)648-3897x33280
2746166140,2894659156,Tara Shields DDS,+1-716-898-6769
7111793096,3782982296,Jacob Dyer,001-744-485-3789x923
7022017922,9802041562,Sheena Finley,649-523-7838x00609
4002186915,5452341619,Sarah Johnson,565.347.4063
3980452344,9343828797,Emily Barnes,6727450290
3641314493,5295361353,Anthony Harper,(659)353-8219x79309
9605858302,8404486717,Michael Patton,5608960042
3220422264,6954106112,Mrs. Laura Vincent MD,+1-831-920-4507x4176
6636396825,4309856349,Danny Hunter,521.261.4650
5875382983,1131681560,Joseph Thompson,(800)206-3694
6241668716,5626587117,Carl Parks,412.962.6377
2256460809,3443788638,Jean Castillo,+1-435-247-4064x55929
1916486230,6140958347,Victoria Peters,(477)259-3523x91554
4204229713,9086135402,Gary Riggs,972.795.1550x2865
1713303000,8527788751,Wesley Klein,+1-863-312-4060x223
1538233083,8492892653,Jeffrey Scott,8678008158
6369136148,1273958398,Adam Kelly,5527839248
7498348818,7879610731,Shannon Anderson,+1-379-683-7690x28051
2268420069,9452331342,Janet Phelps DVM,357-630-3516x6283
7377491514,3056616988,Peter Combs,(801)353-3906x19034
5731959838,8911013393,William Rosario,(621)804-7591x5476
9333736922,7546237321,Maria Kaiser,372.484.2821
6998299791,4847102134,Philip Cooper,001-620-475-0207
1141107126,3182803141,Michael Phillips,(539)490-9640
4403656674,1136123910,Ricky Jones,001-404-287-1681x7178
6117698776,9779926722,Raven Russell,473-519-6359
5134645212,8593026147,Crystal Lyons,+1-850-734-1946
5023976905,5197841808,Nathan Johnson,8548274094
3217755767,8622083546,Tammy Shelton,2984598472
5728369111,5579517370,Rebecca Blair,(342)292-5141x74480
1535540301,1780430309,Haley Skinner,+1-349-911-3059x4656
9946589453,5778830470,Jennifer Zhang,354-862-3274
1312602644,4001040658,Jennifer Green,+1-674-343-2365x49126
6581529850,3392472919,Sarah Eaton,+1-326-376-0438x48970
9412165714,8141065573,Ronnie Gonzalez,272-645-9247
1797691460,1541789701,Scott House,(431)546-6051x38136
4406189202,3626089483,Rachel Wilson,7023180794
1784866900,1841604285,Alyssa Simmons,502-833-4114x35065
2575314404,4644002714,Sarah Castro,701-447-1659
4390606674,8239803986,Olivia Webb,+1-604-416-4357x5027
3538826139,9428182845,Debbie Fox,9489977885
8788789142,7217837496,Brandon Goodwin,(526)471-2382
6221695231,5143058145,Michelle Hayes,+1-775-441-0537x63791
7169767795,6749215482,Joseph Patterson,(240)768-8119
5323817108,4203851410,Elizabeth White,913.591.5175x404
5628071620,1682545584,Tanner Kline,2273706282
5746588488,3784609963,Katie Donaldson,262.947.0689x819
2585059236,4848672896,Paige Decker,(764)521-6421
3196090186,6658282195,Kim Conway,+1-385-660-2469x8335
1641475273,1626486215,Erika Yang DDS,001-986-629-4347x04924
5818962729,1053946569,Justin Reynolds,849-431-9196
7302665167,9849638385,Tracey Perry,+1-634-856-7498x137
3999354192,8755400366,Arthur Smith,001-662-812-1013x35886
5506280527,7871134915,Mark Solis,2093952227
8491250621,6290796706,James Franklin,001-775-927-2627x16415
1087968222,8312182553,Christopher Williams,3909521862
7389958489,7781299756,Deanna Faulkner,001-513-410-3729
9002753757,8325588481,Christopher Murray,746-399-0241
8434041876,8777304496,Michael Haney PhD,(694)974-7944
9065720295,3006282466,Gabrielle Stuart,001-234-646-2099
2143027802,8158343781,Joshua Day,305-713-1405
5605029998,4937691368,Dr. Kristin Espinoza,+1-705-515-7508
5050297750,6713264355,Sharon Jones,313.867.5442x0330
4992809603,1912242705,Brandi Orozco,319-731-9748x1622
3540326724,5643936688,Brett Burton,001-681-367-1310x93628
7229571631,7664820326,Tiffany White,001-981-295-5377x016
5236257901,5961577462,Mrs. Cynthia Andrews MD,+1-955-340-7355x373
6816517179,5830846434,Alyssa Cisneros,+1-647-733-3806x0774
9713969117,9046426028,Alexis Holden,943.955.9594
9988586052,8844026659,Virginia Page,(966)812-6754
6065401203,4485615196,Kenneth Patel,(582)876-9260
1321732242,2547525382,Lisa Cox,001-298-727-8239
5569345271,7840917015,Cameron Bates,538.935.2923x10389
3971229190,4769377593,Tammy Wright,270.207.7888
3466098900,7430345281,Isabel Mason,+1-865-881-2505x6900
6105605580,3518089544,Patricia Lee,+1-963-573-5836x421
3306499911,7278847340,Lisa Gibbs,499.569.8904x3966
8826314787,2358159814,Timothy Johnson,+1-290-783-9710
1913275175,6929329414,Mr. Ronald Wilson Jr.,597.846.8984
1974679623,5218291001,Benjamin Coleman,+1-783-974-8245x168
4452228388,6867236539,Kimberly Williams,359.256.1399x23267
5901171055,1451177428,Michael Wagner,(654)401-3492x4178
7034085868,6665603416,Virginia Booth,7533325324
6761807584,6050991746,Robert Taylor,(753)863-2844x85533
3820986352,9987341332,Ashley Roman,001-722-582-3079x600
5467495326,3606868741,Geoffrey Stewart,925.389.0701x7951
4377552902,6216409397,Kelly Perez,(288)787-1118x07386
5792618090,7666081743,Tracy Moore,+1-819-539-2975x7531
1139097164,5649048228,Angela Morris,+1-521-856-0076x1145
5847572703,7040781958,Amber Quinn,001-693-358-1018x7244
3906997481,8307568068,Rachael Warner,979-693-5281x32739
6649966691,1636082372,William Larson,(860)795-7110x998
5207072748,5051320184,Stacy Johnson,564.959.5826
4701895015,7533132292,Adam Vaughn,(634)596-0029x31698
3426209755,6562500419,Gregory Morales,715.984.5039x6203
1213378410,1075959859,Traci Willis,(230)428-6991x784
7715943764,6909566330,Louis Cobb,907.653.3222x70728
1987104720,6034309746,Krystal Rangel,001-302-680-1731x04120
6934165326,5952777904,Elizabeth Nguyen,881.812.7425
4119164320,9104185688,Matthew Turner,(340)473-6792x697
5743366382,2890728744,Christina Garcia,3088362078
6571344192,3135433487,Evan Wilson,2522791345
2931285284,2334008142,Joseph Hunter,+1-602-266-4334x5559
5959939880,5391221154,Alice Cruz,290-234-6299x2988
2356057269,8372492536,Michael Baker,541-471-4668
8014480475,3366372620,Sydney Duarte,4283155968
2210230768,8661530532,Ryan Smith,879-512-8927x77564
5304021309,7165739451,Steven Cunningham,856-227-2014x659
7380306302,7129071479,Frederick Smith,(719)920-3417x02256
9674646989,5659396965,Amber Scott,423.478.0837x4684
2937935870,1250869107,Julia Thomas,567.812.7314x786
4224382879,3832862346,Angela Strickland,(253)908-4321x5195
5092029083,7925606765,Gregory Bishop,001-617-782-8989x462
6092178657,8772841422,Robin Sharp,001-291-307-5834x7175
1657093398,5932987010,Ricky Ford,(946)695-0184
7001527738,9101526204,Ruben Smith,(259)339-9024
9307866437,1873557183,Patrick Dougherty,+1-849-269-0302x38895
9240656891,5248996143,Jill Mendoza,2773211092
1688083092,6224943594,Alicia Ellis,654.376.5054x97673
1844388705,2296327910,Kimberly Compton,(262)822-7385
9603659072,8997769890,Samantha Leach,200-952-8667x75528
3703157259,9850596456,Maurice Gutierrez,(305)882-5257x509
2354256172,6638985183,Sheila Miller,+1-748-239-9362x51156
2376368384,3165279856,Kimberly Wallace DDS,235.841.1785x59624
6484890598,8383215982,Megan Ramirez,650-520-7982x1644
4702381913,6840317487,Deborah Brock,(872)653-8382x424
3164393631,2297054729,Amy Sanchez,001-303-247-7071x2836
4408218437,3660700683,Christopher Dalton,+1-411-813-3027x158
6131253153,9576841881,Mandy Wright,001-560-509-5640x76369
1052205709,6249900253,Nicole Grant,(204)784-2884
6019037966,6578450894,Maria Friedman,(613)778-7415x166
9561539089,8297431248,William Raymond,+1-462-850-7557x766
9950956200,1710687124,Erik Mann,250-290-6447x429
3816549395,2592296117,Patricia Garcia,985-577-1767
7308886781,1692821094,Adam Hall,(318)877-8002x38108
3120060271,7622819556,Mason Moon,930-838-4057
1332626368,4064265607,Rachel Anderson,(977)226-2159
4321301497,2976157410,Sheila Brennan,(722)872-7484x08372
5945790234,5083045713,Jennifer Dixon,7579408647
3551226519,3741782520,Kylie Johnson,001-858-519-1624x1484
3229769154,5906549142,Troy Gutierrez,(749)481-0889x1785
1332581026,6364067311,Cassandra Allen,845-363-1000x2707
6468637430,2095644279,Miranda Gutierrez,3264163317
9171580842,5556614427,Natalie Carlson,3643320205
9142570752,8879674259,Erik Garner,001-528-683-7441x76886
1611799537,9868835659,Dustin Williams,545.479.4005
2675457891,5326613122,Hannah King,001-858-967-2751x206
1291834321,8686590503,Melissa Cruz,5619086494
3968219244,1584381916,Jim Brewer,(271)407-5864x74058
5248036223,6036804310,Brittany Gross,+1-286-933-4011x730
8464234704,6492564244,Ashley Hardin,001-770-978-3821x549
8575052160,6308657120,Cheryl Cunningham,763.576.2211x4577
4411744382,9333536949,Henry Elliott,(302)688-9073x7181
3044850659,8099789289,Shannon Diaz,001-777-904-4263x46820
6756021236,3049876938,Laura Sanchez,001-991-496-0737x1831
9022592446,2695503676,Crystal Ball,595-815-4999x74638
9525469998,2682820632,Vanessa Chambers,+1-208-342-7027
4673250474,4363858591,Kristina Williamson,(265)332-3110
3988371941,9272600246,Kathleen Chang,(684)258-0944x8502
4849327330,3246580762,Jeffrey Sanchez,392.289.2488x7905
5466618325,8433428468,Kyle Roth,944-920-1641
2128708704,1276932039,Christopher Morrison,+1-777-979-4931x72547
3210093145,2284058157,Katie Moran,(591)680-4679x881
8355973485,9082457637,Lauren Hatfield,961-218-4220x23973
9843938007,5301558993,Ryan Frazier,001-776-699-9269x547
7626351471,9948375624,David Wolf,2079137910
3555114891,1531473333,Steven Sexton,610.555.7946x9184
7788641392,6482109290,Jonathan Patterson,+1-229-962-4347x26744
5687297681,7484374932,Stephen Walter,(950)443-3166x6537
3631125885,1427717272,Michael Holt,654.885.5948
1561341351,6376909430,George Soto,001-529-983-3269x8914
5632147068,7241948217,Cathy Benson,388-620-5119x797
9713744099,8286739463,Joshua Hernandez,+1-491-411-6297x7495
4324500005,4940061180,Tracey Nelson,(844)632-5746x50731
7009336916,5516963751,Nathan Schmidt,(342)286-8573
3966591863,3760528211,Robert Myers DDS,860.325.7942
3215943354,1779943697,Michael Morris,+1-276-443-8696x5565
8473695091,3381105810,Kathy Thomas,290-956-7080
6777662804,1802833677,Justin Fisher,001-718-398-1018
5353275699,2853341194,Holly Young,283-322-0568x10138
5257553569,5989974825,Sydney Brown,+1-995-426-4199x97630
9110612147,9646206585,Corey Guerra,(202)293-5259x81749
5433718035,4995833907,Ashley Martin,665.224.9729
6906131646,5864205007,Donna Murray,(353)532-4025
5610794112,7969136313,Toni Serrano,894-873-7452
1494365015,9865424771,Eric Andersen,(404)360-5891x3825
9906436181,6064487388,Madison Lawson,638.245.2654x811
9833043309,2432641381,Nicole Lamb,745.996.4301x6503
9709403179,4500854468,Teresa Holden,261.407.4231
8909380521,1831492330,Grace Perkins,+1-969-334-0620
8434584018,7038689324,Jacob Franklin,(929)820-8342
2508278339,3693519457,Connor Ellis,001-798-257-6691x44626
1589233369,5805680188,Amber Mcclure,001-832-968-5357x147
6311236761,2440230490,Denise Underwood,+1-419-243-7052x5170
1680770619,9195298778,Susan Gallegos,(662)419-8478x7492
1427755804,2252461488,Zoe Gardner,+1-825-694-3812x3528
6066424902,6132546988,Sarah Navarro,796.889.1139
1957202068,2289267292,Christie Barnett,001-517-639-6365x6876
8179534502,9913172211,Kimberly Obrien,001-700-423-3824x134
7074016215,8885195648,Victor Gill,001-325-212-3090x4290
7479972844,9664479786,Jennifer Williams,564.726.3978
2048971788,6144666449,Daniel Gonzalez,232-451-6760
6793223724,8433009748,Amy Bass,6504979902
1685635204,3188161035,Bethany Costa,(236)257-3622x001
3858689624,4686673795,Robert Gomez,8958775201
5539619725,8427400248,Bruce Mora,993-847-8635
2910447890,7818129304,Scott Marquez,+1-706-376-7205x687
6292369193,5441347678,Donna Adams,633-283-5829
6495152934,8790621728,Austin Morgan,(617)251-2448x7449
1845896370,2772017660,George Boyer,895-586-7788x61145
7819667914,8832979517,Joy Haas,+1-998-429-7048x06525
8035397719,3108287357,James Brown,261-242-2189x679
7946982265,3998379364,Phillip Becker,463-327-2758
8264846132,5007061756,James Benjamin,(415)364-1520x82272
8415204537,1968009265,Joseph Perez,+1-781-686-7101x494
7764890234,1387807844,Alex Munoz,001-481-392-3736
4685578053,6058822958,Michael Martin,4915827808
3177212760,2530138179,Cynthia Lawrence,278.331.6288x709
8338281450,2407811154,Christopher Arnold,+1-943-567-2634
2526422732,2639913583,Steven Burke,889-495-3954
1614470750,1544016753,Brenda Griffin,587.302.7777
3605800156,3552649425,Donna Strickland,(551)475-6841
5316233138,3772308590,Laura Torres,772-472-9161x04764
1309329310,1921822594,Julie Holland,444-596-0856x154
1111826748,6501730646,Jennifer Murphy,001-599-999-3652
6549250939,1667608449,Elizabeth Swanson,(741)255-6212x2956
2151413179,6569970383,Peter Alvarez,001-718-227-1550x09478
1689783855,3944418626,Matthew Arnold,626-802-4597x5506
2117413640,5166116517,Billy Bray,660-752-9837x9033
2811152640,1791244279,Kelly Carr,215-998-7931
9223549167,1376234792,Jeffrey Rivera,603-725-4363x101
3214202069,8008420255,Gary Taylor,+1-594-308-9383
8496841276,4961188984,Christopher Byrd,001-970-718-0745x9425
7286453506,4828417903,Richard Tran,+1-524-996-1542x507
6684757430,2714632155,Daniel Freeman,001-451-357-7477
2809563300,5131577764,David Boyd,+1-734-872-0811x3242
1375064302,1897100217,Kenneth Wallace,990.666.7740x614
4798971286,3633730329,Christine Fox MD,458-778-1337x767
4919221166,7167220383,Kristen Henderson,361.552.2399x1556
5278171607,2639494780,Richard Medina,001-629-934-8920x131
6676846933,5882262773,Paul Lopez,+1-972-505-7017x98342
7105349513,8153896036,Tracy Martinez,527-836-5601x7804
8860743108,2262644777,Heather Smith,001-619-731-6490
5017909614,7330511656,Stanley Mills,001-665-521-6218
3978238261,6022917619,Ricky Oliver,210.994.0385
2017330244,9153368772,Timothy Maldonado,001-703-683-0532x316
6528258390,5912253045,Aaron Perez,230-433-9997
1893394329,3956578221,Jean Oneill,4084186052
5650381617,3910830096,Zachary Pham,777.763.4000
7889157847,4655808104,Jerome Mueller,879.554.4841x079
7492774021,9106792279,Joanna Thomas,(779)387-3922
6443509915,7586073815,Matthew Fleming,988.808.2023
2350729433,7620275720,Danielle Mann,(511)616-3955x96626
4706859604,6368618746,Stephanie Brown PhD,001-554-979-1786x4019
5633379506,1454644839,Kara Jennings,831-380-4216x0536
9043628006,7744402260,Tara Miller,6272629150
6627231685,8481925469,Terry Hogan,+1-723-204-5582x93434
3044558800,1724391500,Patrick King,799-888-0038
1975982421,5086843411,Walter Lynch,001-515-960-3177x01873
4919648697,8265827520,Jason Price,621-379-0779
5106627327,2165783337,Rebecca Dunn,2635374377
3439129072,4275372949,Morgan Aguilar,001-467-975-8722x896
2641135974,4254184171,Chelsea Miller,718-433-4010x0975
7913588533,1087021527,Lee Myers,+1-995-904-8061x0405
9128961923,4478195017,Austin Murphy,6996974437
4425793770,6145393690,Susan Phillips,738-555-9767
1108590332,5156418013,Lisa Phillips,6778777110
4993086299,1202829211,Courtney Collins,001-919-227-4060x7394
8314180558,2872974043,Collin Clark,001-681-903-0781
7273461016,9494206164,April Neal,222.255.8521
4168523771,5274431982,John Reyes,850-870-4083x379
2954913775,8658603202,Jennifer Moss,203.844.5559
4936373239,9113242849,Rachel Bishop,(349)606-1111x750
2429934264,8225715789,Andrew Buchanan,+1-872-691-0210
9992616336,2292373179,Daniel Norton,001-652-616-4922
3886284449,7031815161,Cynthia Smith,001-650-205-6710x33632
5849384715,2467788068,Michael Nichols,+1-535-951-8591x75215
3129852668,1565454075,Anna Lewis,(970)468-3819x6708
9581376228,1006188351,Christopher Martin,+1-218-764-9934
4398072909,3241090060,Carly Becker,8769844361
3006931106,3955032236,Jacob Giles,001-712-599-5414x337
7066204288,1344118726,Alan Shaw,001-917-580-9741x29442
5522758438,3647721441,Juan Contreras,(221)880-5607
8383507527,6174268183,William Hernandez,922-352-6029x148
8230377883,6751839407,Jackson Davis,001-318-667-7082x32582
6806134281,7749349786,Daniel Skinner,001-875-605-4009
4627967690,4091751499,James Jarvis,939.930.4913
9729094542,5247318085,Jacob Long,+1-865-625-6026x034
8932024782,4911034433,Chelsea Scott,585.435.3411x81359
4873772284,4770474678,Jennifer Weber,+1-479-987-1719
3021354576,6963953368,Martha Jones,992-974-7287
5564305308,7707700307,Jasmine Martin,665-772-5045x90461
1778489119,8249269846,Audrey Owens,970.454.8823
2845721303,1639598553,Shannon Escobar,001-600-291-8164x35459
3371677558,3497380826,Stephanie Rodgers,352-495-9393x3371
4710704377,3861415348,Kathleen Phillips,001-802-244-4660x421
5579480888,6511693677,John Hardy,609.476.5190
7157840719,5068821903,Corey Smith,4778413884
3347994277,6277278148,Jill Gordon,+1-949-629-1589
2689593267,6600314188,Joel Freeman,698-970-5389x3119
2987257662,1219520168,April Becker,+1-277-873-7528x93693
1823575207,7584505033,Emily Barnes,436.552.1380
4552193061,5061377210,Madeline Baker,001-686-589-2870x713
9909718148,9949410280,Chad Miles,001-631-322-2381x731
5368706036,5174654800,Annette Davenport,350-735-0519x08430
6791069964,1080746758,Christopher Armstrong,+1-857-881-3227x179
7195997996,4945013869,Destiny Higgins,615.474.1399
7402678472,9487970936,Marissa Smith,286.595.1730x2709
5877280898,5336203805,Robert Brooks,923-666-3077x87307
6353193368,4801281092,Lori Freeman,(968)547-5380x31208
2592039029,3570598038,James Williams,268-950-4592x102
9845014609,1359318712,Elizabeth Anderson,604.477.1218x3386
4512801015,1128755077,Katherine Chandler MD,5529891659
6409374374,2731417300,Bradley Smith,592.630.6793
4318501839,5514290241,Paul Holland,830.529.9156
2455225282,8810806513,William Campbell,+1-581-782-0131x74956
1712459734,7344858170,Stephen Price,(678)511-9861x98385
9378101070,6741768239,Hector Bradley,+1-362-464-2051x4564
9259224198,5833412475,Andre Andrade,(959)246-2172
3479930854,5916163893,Michael Grant MD,(811)402-2674x25210
1175354281,3660232092,Casey Duke,(397)997-7317x176
6560715527,7733940631,Sarah Walker,001-531-827-9802x30998
3380847710,3434241908,Dennis Gray,(700)590-0098x63951
5983290784,4538782140,Gregory Roberts,001-770-230-1338x4652
5535662747,8902717888,Larry Deleon,(528)562-1402x8179
8136078777,4716453437,Andrea Russell,001-425-318-8162x68371
7822012505,2235339542,Mark Santana,(794)657-7445
5311939084,6593129754,Andrew Browning,+1-407-481-0774x72157
8600515833,6830671930,Michael Thompson,733-364-4136x139
5110704694,2499340720,Jo Bailey,001-384-739-2920x75059
2980575266,1185661032,Lawrence Sanchez,+1-410-394-5675x4099
2162225289,3298834993,Tracy Hall,(309)823-0193x417
8754709017,5040711716,Justin Robinson,(770)683-0896x43652
7382908967,9347097508,Lucas Moreno,424.451.0398x4387
5199221922,2063170792,Barbara Chang,5172480430
4538181591,4191308923,Ashlee Lewis,001-963-271-9798x50536
7546615995,7748522819,David Adams,+1-960-845-8895x227
5653586529,9404259619,Ashley Ramirez,(389)388-6820x883
3900238910,2795810839,James Bradshaw,+1-610-913-7923x6146
9656225434,1095553885,Brandy Russo,340-874-1109
1654491950,1271201152,Elizabeth Walters,932.540.4029
2515826076,6905457529,Amy Holt,379-628-8206
8648596799,1025475233,Laura Hoover,+1-323-708-1962x5693
9200119368,7829132707,Jennifer Fields,(979)808-0924x434
2883190211,2700916631,Shawn Fischer,+1-623-965-4210x8022
6433535590,8726290599,Samuel Parrish,+1-596-296-5916x073
6295034738,3412641088,Kimberly Davis,(499)298-9732
9814838256,1076680059,Donald Schroeder,360-665-1224
3090932438,3821108650,Donna Lewis,924-716-0739x95134
7005226248,1879792380,Melissa Taylor,972-491-9147x93510
4785124151,2184437577,Kelly Davis,001-200-580-5160
6175004380,9120990346,Elaine Gregory,410-941-4352
9099483423,6278122592,Andre Rose,(620)943-3709
1864390473,7455690299,Misty Jordan,(563)355-9440
4444496797,8550343170,Tiffany Rogers,7763383677
6657029756,8104874549,Morgan Anderson,(862)208-4887x7194
3302750580,1621323323,Julie Reid,2767777231
7323203912,1184947684,Michael Mckinney,(925)696-1061x069
9596008600,7161618134,Jessica Riddle,4577815440
1570147501,5096194174,Robert Thomas,001-408-252-9282x8902
5392669150,9676223083,Rachel Wilson,+1-896-202-6731
7759913869,1469526454,Roberta Robertson,963-676-8884
6526681999,5984894722,Bradley Rodriguez,(705)732-2387
2954329968,7234063140,Colleen Huber,3225725854
8386094009,9586873123,Robert Jones,+1-775-606-6343x76524
2660151301,3815626789,Benjamin Sims,9136061210
7840770092,3941058409,Christopher Munoz,970-365-1389x137
3606158193,1000916422,Nathan Miller,486.328.7261x808
9047796416,8660747941,Pamela Mayo,+1-710-287-8243x58986
6863535224,8997681110,Robert Moore,001-691-276-8879x47412
5484627181,1446728511,William Melendez,(812)653-7546
3097061700,1395688237,Michael Morales,001-818-903-7130x116
9530439410,9096171915,Bryan Myers,(563)804-1476
1623914469,9441034969,Justin Johnson,+1-665-325-0255x87692
5565556286,1659413364,Gregory Gonzalez,+1-439-590-8672x71279
6876616104,6973005673,Kristy Evans,238.989.9582x546
9236558007,9358901258,Shelley Mason,(381)421-7510
5519598198,7764247075,Valerie Mcdowell,001-687-247-1589x571
9725898132,4298292142,Dr. Christine Cook,(623)565-9128x926
1966679369,5495334699,Terri Hughes,001-316-258-0817x058
9992681491,2275555121,Rebecca Wilson,594-689-5475x5760
2964123266,7769179157,Carol Heath,416-625-6741
2338573885,3749245963,Sharon Newman,+1-292-709-1933x632
4413796083,5463481520,Stephen Allen,001-226-404-7974x083
5230680007,4782151392,Victoria Torres,(420)959-1096x235
7764911808,1569959545,Thomas Lopez,915.933.8362x00602
5759696104,7338996884,Jessica Mcdonald,961.973.5875
4769133119,1199721214,Susan Casey,915-556-1319x45422
5442782882,2889939253,Mitchell Hardy,001-261-789-8611
6036340749,9214218783,Kerri Hunter,819.432.9852
7390737396,1565848756,Mark Mejia,001-971-554-1645
3672795553,7500393333,Emily Martin,001-879-728-7607x7385
9094761410,9318418770,Walter Mendoza,001-749-822-6637
5095421270,3574712644,Karen Underwood,599.311.4217x457
1361729419,1247153680,Danielle Soto,(329)733-3416
5439458559,2837215586,Monica Douglas,502.954.0129
9355308759,5395843186,Carl Glass,(270)975-2748x84175
8800733348,4392123253,Mrs. Janet Leblanc,+1-957-606-7377x2557
5940286000,9883983800,Jacob Thomas,5047446221
9418327666,6996530054,James Glover,218.837.5669x99503
9412157836,2901322278,Allison Wallace,+1-528-490-5945x9889
2193512414,1747147382,Valerie Adams,279.449.6749
6380468028,9785684738,Tracy Burns,(623)230-9858x35049
5918056288,4072215853,Dustin Edwards,937.497.8549
9914162417,3421409373,Amanda Jones,001-942-733-1543
5930911588,2975235830,Traci Washington,459.805.3339
8927815779,4862576142,Amy Burns,+1-621-956-4682x28405
1368817837,1798675391,Raymond Medina,001-868-837-8553x9251
1268141926,2269084617,Joshua Thomas,272-579-3532x892
5908839203,3379464804,Christopher Davis,305.302.4110
9061380029,8172098184,Mary Martinez,6095598995
4879870822,7811393902,Justin Chambers,209.502.1097x74640
9337706254,4237809377,Carlos Martinez,+1-869-421-2851x91953
8094720275,6070067294,Jessica Leon,883-414-6727x80903
1088467631,6139819750,Shannon Lawrence,(325)916-7644x803
2905123314,6735974823,Phillip Cochran,+1-287-668-2577x374
7836268687,9761536118,Scott Estes,8087303873
9105951309,2246313987,James Smith,(926)962-3673
7553727126,8554526724,Kristy Jimenez,+1-357-287-1193x99715
6079910886,4227189348,Felicia Bruce,965-345-6984x15913
3266637911,7985116346,Samuel Kelly,723-255-7081x3990
6196846741,1942439453,Charles Peterson,3067475189
7728408483,1102027917,Sydney Hunt,+1-262-331-7082x00184
9236285117,5763860731,William Evans,+1-520-420-4941x26417
1229392654,9024555847,Carla Lee,2147577294
2489658669,6155709617,Troy Baker,362.645.9396x302
5975210762,1319791347,Joshua Baker,854.494.2914
9064831651,3552168692,Yolanda Richards,502.400.6362
8395338148,4311417984,Megan Turner,+1-816-925-6420x72008
1848244501,5456828603,Oscar Perry,342-492-2604x886
7703828870,1466984127,Debbie Compton,4847366866
7070465603,7992443161,Michael Chavez,927.835.4128x760
6059681853,7206840888,Christopher Diaz MD,(852)358-4235
9769623498,7489770883,Joshua Wilson,(422)805-4890x65104
6420282606,2069251928,Nathaniel Anderson,8948209163
6942581270,9880824690,Jennifer Thompson,711.812.3590
9762554136,2871833084,Ellen Hayes,+1-477-686-3218x94252
7892716033,9982486194,Charles Wilkerson,001-225-301-4234x73730
8500594118,9911230673,Edward Nash,(290)902-1019x135
8746960734,1702568952,Joseph Larsen,987.826.2492x469
3995620209,1265464087,Jonathan Davis,8476537088
7418942452,4711639856,Mary Phillips,(796)926-8569x4319
1459722953,5660234652,Brittany Cook,001-950-234-3427x91539
8004720428,8234358348,Bobby Baker,(656)906-3650x680
7803337146,7443755038,Lauren Walker,+1-334-672-7219
7194964239,4081151051,Daniel Singleton,792.982.8648x2337
7450090668,8241124395,Edwin Taylor,(343)214-3263
8552043498,7916886441,Walter Sandoval,538-481-7608
3472819910,9218328924,Donald Richardson,+1-308-607-9002x7718
6348534109,3100744659,Susan Anderson,(653)544-4892
8717538005,1494192113,Karen Berry,779-248-5160x993
7309039726,8732279145,Michael Fleming,001-388-408-4648x817
3533953761,4842457014,Victor Deleon,9408303618
